"('40.70562', '-74.00676')","(1, 1)"
"('40.74706', '-73.97923')","(8, 2)"
"('40.79545', '-73.96562')","(2, 5)"
"('40.72746', '-73.97947')","(10, 3)"
"('40.75957', '-73.96802')","(3, 3)"
"('40.74843', '-73.99619')","(2, 2)"
"('40.75973', '-73.99168')","(4, 5)"
"('40.73109', '-73.98278')","(5, 2)"
"('40.79099', '-73.96517')","(1, 2)"
"('40.76649', '-73.95695')","(9, 2)"
"('40.75714', '-73.99356')","(4, 3)"
"('40.76689', '-73.92139')","(1, 4)"
"('40.71885', '-74.00484')","(1, 2)"
"('40.73026', '-73.95347')","(1, 1)"
"('40.70309', '-73.98664')","(1, 1)"
"('40.77169', '-73.95918')","(7, 1)"
"('40.71653', '-74.00667')","(4, 1)"
"('40.78423', '-73.94706')","(2, 3)"
"('40.75736', '-73.98409')","(3, 1)"
"('40.75587', '-73.97282')","(10, 2)"
"('40.71952', '-73.96043')","(1, 1)"
"('40.76085', '-73.96106')","(6, 10)"
"('40.75362', '-73.96943')","(7, 3)"
"('40.72766', '-74.00317')","(2, 1)"
"('40.73512', '-74.00157')","(1, 1)"
"('40.77818', '-73.94842')","(3, 2)"
"('40.72146', '-73.98852')","(2, 2)"
"('40.76274', '-73.99691')","(1, 2)"
"('40.77627', '-73.95793')","(6, 1)"
"('40.73978', '-73.97952')","(2, 2)"
"('40.74152', '-73.99379')","(9, 1)"
"('40.72379', '-74.00036')","(1, 1)"
"('40.80322', '-73.94459')","(1, 1)"
"('40.77265', '-73.95555')","(2, 2)"
"('40.83917', '-73.94113')","(1, 2)"
"('40.73116', '-73.99192')","(5, 6)"
"('40.76478', '-73.96843')","(2, 4)"
"('40.77397', '-73.94855')","(2, 2)"
"('40.81147', '-73.94048')","(1, 1)"
"('40.78654', '-73.95255')","(1, 1)"
"('40.73189', '-74.00378')","(4, 1)"
"('40.75211', '-73.97555')","(3, 2)"
"('40.73397', '-73.98667')","(3, 2)"
"('40.75355', '-73.98504')","(1, 2)"
"('40.71645', '-73.99675')","(1, 1)"
"('40.74347', '-73.97675')","(2, 1)"
"('40.74511', '-73.94743')","(1, 2)"
"('40.72074', '-73.98615')","(2, 3)"
"('40.71543', '-74.00754')","(1, 1)"
"('40.75529', '-73.99492')","(1, 2)"
"('40.77632', '-73.96001')","(2, 1)"
"('40.71765', '-73.98866')","(1, 3)"
"('40.79108', '-73.95343')","(2, 1)"
"('40.74283', '-74.00769')","(4, 2)"
"('40.77178', '-73.96332')","(2, 2)"
"('40.71447', '-74.01354')","(1, 1)"
"('40.75215', '-73.98749')","(1, 3)"
"('40.72695', '-74.00344')","(2, 1)"
"('40.77202', '-73.95601')","(3, 4)"
"('40.75575', '-73.96478')","(6, 2)"
"('40.73284', '-73.99591')","(3, 3)"
"('40.74835', '-74.00368')","(1, 1)"
"('40.75157', '-73.98227')","(1, 4)"
"('40.76052', '-73.97997')","(6, 4)"
"('40.78648', '-73.97217')","(1, 3)"
"('40.79485', '-73.96236')","(1, 2)"
"('40.72125', '-74.00144')","(2, 1)"
"('40.71709', '-73.99858')","(3, 1)"
"('40.79914', '-73.97252')","(1, 1)"
"('40.71153', '-73.98674')","(1, 2)"
"('40.72908', '-73.98132')","(3, 3)"
"('40.70408', '-74.00898')","(3, 2)"
"('40.74647', '-73.98389')","(7, 1)"
"('40.75409', '-73.97833')","(2, 2)"
"('40.72076', '-73.99062')","(1, 4)"
"('40.75984', '-73.98417')","(1, 1)"
"('40.74775', '-73.98085')","(3, 3)"
"('40.74776', '-73.98295')","(1, 1)"
"('40.72326', '-73.98843')","(6, 1)"
"('40.74135', '-73.98131')","(3, 1)"
"('40.78617', '-73.94569')","(1, 2)"
"('40.75293', '-73.98548')","(5, 3)"
"('40.68031', '-73.99688')","(1, 1)"
"('40.79405', '-73.97036')","(4, 4)"
"('40.72779', '-73.98513')","(5, 1)"
"('40.76296', '-73.97396')","(5, 12)"
"('40.75649', '-73.97236')","(1, 2)"
"('40.76479', '-73.98428')","(6, 5)"
"('40.71801', '-73.99995')","(4, 4)"
"('40.73244', '-73.99127')","(1, 2)"
"('40.75949', '-73.97361')","(1, 1)"
"('40.72364', '-73.98528')","(8, 5)"
"('40.76736', '-73.92242')","(2, 1)"
"('40.73846', '-73.98764')","(5, 1)"
"('40.71769', '-73.94997')","(1, 1)"
"('40.73584', '-74.00596')","(2, 1)"
"('40.78102', '-73.98131')","(8, 2)"
"('40.76749', '-73.95931')","(6, 2)"
"('40.75897', '-73.91899')","(1, 3)"
"('40.73653', '-73.99075')","(2, 2)"
"('40.73132', '-73.98861')","(8, 4)"
"('40.77529', '-73.95362')","(5, 1)"
"('40.73196', '-73.98815')","(3, 5)"
"('40.69765', '-73.95866')","(1, 1)"
"('40.77301', '-73.95218')","(4, 2)"
"('40.76552', '-73.98003')","(5, 2)"
"('40.76136', '-73.95778')","(4, 1)"
"('40.76432', '-73.97719')","(8, 7)"
"('40.73951', '-73.98474')","(2, 9)"
"('40.72302', '-73.99881')","(1, 6)"
"('40.77619', '-73.94987')","(3, 2)"
"('40.79935', '-73.95907')","(1, 2)"
"('40.79465', '-73.97178')","(4, 3)"
"('40.80572', '-73.95441')","(1, 5)"
"('40.74011', '-73.98221')","(6, 2)"
"('40.76142', '-73.98404')","(1, 1)"
"('40.76718', '-73.98997')","(4, 1)"
"('40.71912', '-74.00516')","(7, 1)"
"('40.80043', '-73.96571')","(1, 1)"
"('40.74102', '-73.99416')","(11, 9)"
"('40.75009', '-73.97493')","(1, 3)"
"('40.78069', '-73.94659')","(11, 4)"
"('40.75186', '-73.97703')","(4, 1)"
"('40.77813', '-73.95448')","(8, 1)"
"('40.72423', '-73.99778')","(2, 8)"
"('40.73868', '-73.99587')","(3, 4)"
"('40.72409', '-73.95097')","(1, 4)"
"('40.79945', '-73.95152')","(1, 5)"
"('40.72618', '-73.98942')","(4, 2)"
"('40.79062', '-73.94243')","(1, 4)"
"('40.71975', '-73.99216')","(1, 2)"
"('40.71043', '-73.94877')","(1, 1)"
"('40.73072', '-73.98905')","(1, 4)"
"('40.77682', '-73.98913')","(1, 2)"
"('40.78142', '-73.95417')","(2, 1)"
"('40.78573', '-73.97644')","(3, 4)"
"('40.71843', '-74.00053')","(1, 3)"
"('40.74225', '-73.97767')","(1, 3)"
"('40.78716', '-73.97168')","(2, 3)"
"('40.73003', '-73.99108')","(5, 1)"
"('40.72266', '-73.99797')","(2, 1)"
"('40.77822', '-73.95862')","(1, 1)"
"('40.73159', '-73.99478')","(1, 1)"
"('40.7993', '-73.94112')","(1, 3)"
"('40.77428', '-73.95729')","(3, 1)"
"('40.77981', '-73.95033')","(2, 1)"
"('40.71949', '-73.95594')","(2, 1)"
"('40.78704', '-73.97758')","(7, 1)"
"('40.73598', '-73.98945')","(6, 8)"
"('40.68672', '-73.99046')","(1, 2)"
"('40.74043', '-73.92303')","(1, 1)"
"('40.77048', '-73.98385')","(1, 1)"
"('40.75906', '-73.97262')","(3, 1)"
"('40.74729', '-73.97404')","(5, 3)"
"('40.75916', '-73.97674')","(2, 2)"
"('40.75791', '-73.97765')","(4, 3)"
"('40.77173', '-73.96124')","(5, 3)"
"('40.79092', '-73.96892')","(4, 1)"
"('40.79532', '-73.97128')","(4, 3)"
"('40.74059', '-73.98939')","(5, 1)"
"('40.75431', '-73.98686')","(1, 1)"
"('40.73178', '-74.00659')","(6, 1)"
"('40.73754', '-73.98408')","(2, 5)"
"('40.75289', '-73.98924')","(3, 6)"
"('40.74768', '-73.97878')","(4, 2)"
"('40.73949', '-73.98266')","(7, 3)"
"('40.70162', '-73.98967')","(1, 1)"
"('40.74348', '-73.92147')","(1, 4)"
"('40.76148', '-73.96059')","(8, 6)"
"('40.73736', '-73.99683')","(6, 5)"
"('40.77411', '-73.98862')","(2, 1)"
"('40.72103', '-73.90409')","(1, 1)"
"('40.71392', '-73.99955')","(1, 1)"
"('40.77495', '-73.96101')","(4, 1)"
"('40.72228', '-73.98016')","(1, 1)"
"('40.76628', '-73.98184')","(4, 4)"
"('40.74709', '-73.98344')","(1, 1)"
"('40.74026', '-73.99051')","(2, 3)"
"('40.73831', '-73.98774')","(9, 5)"
"('40.75034', '-73.98317')","(3, 5)"
"('40.72269', '-73.98786')","(2, 2)"
"('40.78326', '-73.95073')","(3, 1)"
"('40.79552', '-73.97592')","(1, 1)"
"('40.71728', '-73.99542')","(1, 5)"
"('40.71945', '-73.99439')","(2, 2)"
"('40.76426', '-73.91579')","(1, 2)"
"('40.77039', '-73.95411')","(10, 2)"
"('40.74018', '-73.98636')","(5, 13)"
"('40.73883', '-73.98314')","(7, 12)"
"('40.73373', '-74.00206')","(5, 1)"
"('40.72192', '-73.99003')","(1, 1)"
"('40.78384', '-73.97998')","(3, 1)"
"('40.73216', '-73.99429')","(3, 1)"
"('40.71767', '-74.00577')","(2, 1)"
"('40.77631', '-73.96212')","(3, 1)"
"('40.71574', '-74.00168')","(1, 2)"
"('40.73066', '-73.99884')","(2, 1)"
"('40.73879', '-73.97714')","(1, 6)"
"('40.74668', '-73.97449')","(3, 6)"
"('40.76248', '-73.96297')","(5, 1)"
"('40.79865', '-73.96147')","(2, 1)"
"('40.76161', '-73.97285')","(1, 1)"
"('40.74795', '-73.97945')","(1, 1)"
"('40.75723', '-73.98979')","(2, 8)"
"('40.73168', '-73.98219')","(2, 1)"
"('40.73038', '-73.98637')","(6, 2)"
"('40.72491', '-74.00464')","(1, 1)"
"('40.77303', '-73.97828')","(1, 2)"
"('40.68347', '-73.99972')","(1, 2)"
"('40.73275', '-73.99002')","(1, 6)"
"('40.70953', '-74.00841')","(1, 1)"
"('40.77159', '-73.90894')","(1, 1)"
"('40.71802', '-74.00723')","(1, 1)"
"('40.75535', '-73.97741')","(2, 2)"
"('40.75919', '-73.98461')","(4, 2)"
"('40.78246', '-73.97882')","(4, 1)"
"('40.74342', '-73.99612')","(10, 6)"
"('40.71369', '-74.01375')","(1, 3)"
"('40.73198', '-73.98196')","(1, 2)"
"('40.72167', '-73.98061')","(3, 1)"
"('40.71866', '-73.96349')","(1, 3)"
"('40.71379', '-74.00883')","(7, 1)"
"('40.73855', '-73.99968')","(2, 4)"
"('40.78659', '-73.96838')","(2, 2)"
"('40.75302', '-73.98542')","(4, 1)"
"('40.76843', '-73.96154')","(5, 2)"
"('40.74594', '-73.90005')","(1, 3)"
"('40.74039', '-73.97907')","(4, 1)"
"('40.67504', '-73.95638')","(1, 1)"
"('40.78517', '-73.97313')","(4, 3)"
"('40.72936', '-73.98399')","(2, 4)"
"('40.79166', '-73.96469')","(1, 1)"
"('40.72652', '-73.99584')","(7, 4)"
"('40.76311', '-73.96251')","(1, 3)"
"('40.70871', '-74.00728')","(1, 1)"
"('40.74354', '-73.98461')","(1, 1)"
"('40.76053', '-73.95835')","(2, 1)"
"('40.74162', '-73.99373')","(3, 8)"
"('40.72844', '-73.98179')","(7, 2)"
"('40.76354', '-73.96933')","(5, 1)"
"('40.77428', '-73.97736')","(5, 1)"
"('40.72859', '-73.98767')","(1, 4)"
"('40.72601', '-73.95741')","(2, 1)"
"('40.76623', '-73.96023')","(1, 1)"
"('40.76774', '-73.98211')","(2, 3)"
"('40.74202', '-73.98291')","(2, 2)"
"('40.75782', '-73.99306')","(2, 3)"
"('40.76739', '-73.98236')","(1, 3)"
"('40.71838', '-73.95713')","(1, 1)"
"('40.72582', '-73.98968')","(7, 1)"
"('40.73187', '-74.00878')","(1, 2)"
"('40.77879', '-73.98205')","(3, 2)"
"('40.80505', '-73.93903')","(3, 5)"
"('40.74197', '-73.98085')","(5, 1)"
"('40.74002', '-74.00529')","(5, 2)"
"('40.76616', '-73.95424')","(3, 1)"
"('40.73742', '-73.99261')","(8, 1)"
"('40.71413', '-73.98933')","(1, 1)"
"('40.73804', '-73.99633')","(2, 1)"
"('40.67329', '-73.95702')","(1, 1)"
"('40.73374', '-74.00629')","(11, 1)"
"('40.71746', '-74.01069')","(5, 1)"
"('40.73666', '-73.99734')","(10, 2)"
"('40.71453', '-73.93729')","(1, 1)"
"('40.77436', '-73.96354')","(4, 1)"
"('40.73908', '-73.99137')","(1, 5)"
"('40.79025', '-73.94563')","(1, 2)"
"('40.77106', '-73.95964')","(7, 3)"
"('40.77114', '-73.96799')","(2, 1)"
"('40.67488', '-73.92776')","(1, 1)"
"('40.76291', '-73.96979')","(1, 2)"
"('40.75373', '-73.88503')","(1, 2)"
"('40.82283', '-73.94191')","(1, 4)"
"('40.76363', '-73.97558')","(2, 1)"
"('40.80369', '-73.93791')","(1, 2)"
"('40.75898', '-73.96243')","(8, 2)"
"('40.68767', '-73.99333')","(1, 1)"
"('40.74409', '-73.99564')","(1, 12)"
"('40.71436', '-73.99282')","(1, 2)"
"('40.72697', '-73.98573')","(5, 4)"
"('40.75927', '-73.98088')","(3, 3)"
"('40.74154', '-73.98957')","(3, 12)"
"('40.75677', '-73.98271')","(7, 3)"
"('40.75655', '-73.97443')","(7, 1)"
"('40.75795', '-73.96319')","(1, 1)"
"('40.78895', '-73.97594')","(2, 1)"
"('40.76854', '-73.96569')","(3, 2)"
"('40.70495', '-74.01154')","(1, 1)"
"('40.78578', '-73.97853')","(2, 2)"
"('40.68736', '-73.99003')","(1, 1)"
"('40.75311', '-73.85999')","(1, 2)"
"('40.72293', '-73.98863')","(1, 10)"
"('40.74915', '-73.97269')","(1, 1)"
"('40.72246', '-73.98713')","(6, 1)"
"('40.73012', '-73.98946')","(2, 2)"
"('40.74967', '-73.99529')","(4, 4)"
"('40.77364', '-73.95985')","(12, 2)"
"('40.71859', '-73.98831')","(1, 1)"
"('40.77465', '-73.95409')","(4, 1)"
"('40.69427', '-73.99242')","(1, 1)"
"('40.74789', '-73.98916')","(1, 3)"
"('40.73646', '-73.98696')","(3, 3)"
"('40.73453', '-73.99226')","(3, 1)"
"('40.79794', '-73.94212')","(1, 2)"
"('40.72391', '-73.98797')","(3, 6)"
"('40.73403', '-73.99504')","(2, 5)"
"('40.72732', '-74.00732')","(1, 1)"
"('40.75603', '-73.97902')","(2, 5)"
"('40.80321', '-73.95253')","(1, 10)"
"('40.76548', '-73.91369')","(1, 7)"
"('40.76159', '-73.92458')","(1, 2)"
"('40.77422', '-73.98111')","(4, 2)"
"('40.77043', '-73.96011')","(4, 2)"
"('40.73926', '-73.99544')","(2, 3)"
"('40.72289', '-73.97972')","(2, 2)"
"('40.75336', '-73.97464')","(1, 1)"
"('40.73101', '-73.98591')","(3, 7)"
"('40.73094', '-73.99324')","(2, 1)"
"('40.74821', '-74.00748')","(1, 2)"
"('40.80163', '-73.96858')","(1, 1)"
"('40.74888', '-73.97584')","(3, 6)"
"('40.78131', '-73.94612')","(1, 3)"
"('40.80521', '-73.94735')","(1, 1)"
"('40.75978', '-73.97628')","(2, 2)"
"('40.72975', '-73.98973')","(1, 1)"
"('40.74966', '-73.98157')","(2, 3)"
"('40.79031', '-73.94768')","(1, 1)"
"('40.76498', '-73.96114')","(6, 2)"
"('40.77958', '-73.96183')","(8, 1)"
"('40.72525', '-74.00337')","(2, 1)"
"('40.70298', '-73.94585')","(1, 3)"
"('40.74464', '-74.00638')","(2, 1)"
"('40.76619', '-73.97954')","(3, 2)"
"('40.76927', '-73.98102')","(1, 1)"
"('40.71579', '-73.99055')","(1, 1)"
"('40.70738', '-74.00548')","(1, 1)"
"('40.70949', '-74.01389')","(4, 1)"
"('40.76711', '-73.95649')","(5, 2)"
"('40.77509', '-73.95377')","(8, 1)"
"('40.71508', '-73.99248')","(2, 3)"
"('40.73714', '-73.98859')","(12, 2)"
"('40.68087', '-73.97514')","(1, 7)"
"('40.77492', '-73.95079')","(2, 3)"
"('40.72677', '-73.98898')","(5, 2)"
"('40.72238', '-74.00376')","(7, 2)"
"('40.76165', '-73.98656')","(10, 2)"
"('40.76926', '-73.96936')","(1, 1)"
"('40.73321', '-74.00303')","(3, 1)"
"('40.72449', '-73.98163')","(2, 3)"
"('40.71436', '-74.00838')","(7, 1)"
"('40.61642', '-73.97444')","(2, 1)"
"('40.75413', '-73.98833')","(2, 1)"
"('40.71103', '-73.96057')","(1, 2)"
"('40.68786', '-73.95479')","(1, 1)"
"('40.78592', '-73.95511')","(3, 1)"
"('40.73641', '-74.00194')","(1, 1)"
"('40.74283', '-74.00027')","(7, 3)"
"('40.76022', '-73.96152')","(5, 1)"
"('40.73875', '-74.00344')","(2, 1)"
"('40.74511', '-73.98065')","(2, 5)"
"('40.75533', '-73.99117')","(7, 2)"
"('40.75699', '-73.96698')","(5, 1)"
"('40.71869', '-73.95465')","(1, 2)"
"('40.76166', '-73.97491')","(5, 2)"
"('40.73392', '-73.99279')","(2, 3)"
"('40.78324', '-73.97455')","(1, 1)"
"('40.76491', '-73.95515')","(3, 1)"
"('40.71347', '-74.00481')","(1, 1)"
"('40.77284', '-73.92744')","(1, 3)"
"('40.74902', '-73.98803')","(4, 2)"
"('40.73916', '-73.97996')","(1, 1)"
"('40.79398', '-73.97228')","(2, 1)"
"('40.75843', '-73.97306')","(2, 2)"
"('40.74517', '-73.98272')","(2, 3)"
"('40.73337', '-74.00257')","(1, 1)"
"('40.84107', '-73.93976')","(1, 2)"
"('40.73314', '-74.00586')","(2, 1)"
"('40.72195', '-73.99626')","(7, 1)"
"('40.73244', '-73.99129')","(3, 1)"
"('40.73019', '-73.95424')","(1, 4)"
"('40.72598', '-74.00909')","(1, 1)"
"('40.74258', '-73.98041')","(3, 2)"
"('40.78022', '-73.96136')","(4, 1)"
"('40.74718', '-73.98969')","(4, 1)"
"('40.75403', '-73.99384')","(1, 1)"
"('40.76177', '-73.97905')","(3, 1)"
"('40.72564', '-73.99206')","(4, 2)"
"('40.75095', '-73.98272')","(3, 3)"
"('40.72584', '-74.00755')","(3, 2)"
"('40.71272', '-74.00966')","(2, 1)"
"('40.75031', '-73.99111')","(22, 4)"
"('40.74445', '-73.97302')","(1, 2)"
"('40.75911', '-73.97468')","(3, 2)"
"('40.75897', '-73.99393')","(4, 3)"
"('40.75869', '-73.87344')","(1, 1)"
"('40.74904', '-73.98831')","(2, 1)"
"('40.83156', '-73.94298')","(1, 4)"
"('40.73478', '-73.99871')","(3, 6)"
"('40.72842', '-73.99967')","(2, 3)"
"('40.81017', '-73.95116')","(1, 10)"
"('40.73855', '-73.98042')","(3, 4)"
"('40.75468', '-73.99535')","(3, 3)"
"('40.76015', '-74.00263')","(1, 3)"
"('40.72715', '-74.00554')","(1, 2)"
"('40.77075', '-73.95694')","(6, 2)"
"('40.76109', '-73.98326')","(2, 2)"
"('40.73875', '-74.00549')","(2, 2)"
"('40.78529', '-73.95556')","(3, 1)"
"('40.74658', '-73.99755')","(3, 5)"
"('40.72514', '-73.99019')","(2, 1)"
"('40.77613', '-73.91069')","(2, 2)"
"('40.71939', '-74.00188')","(1, 2)"
"('40.73786', '-74.00018')","(3, 2)"
"('40.76336', '-73.98281')","(1, 1)"
"('40.74409', '-73.97634')","(4, 2)"
"('40.84153', '-73.88071')","(1, 1)"
"('40.78642', '-73.94238')","(3, 2)"
"('40.72124', '-73.99223')","(2, 11)"
"('40.72797', '-73.98811')","(5, 4)"
"('40.77436', '-73.91286')","(1, 3)"
"('40.76416', '-73.96888')","(1, 3)"
"('40.79332', '-73.97461')","(3, 1)"
"('40.76229', '-73.97445')","(5, 3)"
"('40.76513', '-73.97661')","(6, 1)"
"('40.77548', '-73.98216')","(1, 2)"
"('40.73343', '-73.99548')","(9, 2)"
"('40.74476', '-73.99515')","(2, 2)"
"('40.67865', '-73.97893')","(1, 1)"
"('40.73106', '-74.00141')","(2, 1)"
"('40.74665', '-73.99006')","(3, 4)"
"('40.76155', '-73.99406')","(3, 2)"
"('40.76302', '-73.97813')","(3, 7)"
"('40.76025', '-73.96962')","(1, 2)"
"('40.72575', '-73.99202')","(9, 1)"
"('40.68993', '-73.98147')","(1, 6)"
"('40.75165', '-73.99013')","(6, 4)"
"('40.76979', '-73.96478')","(6, 1)"
"('40.68417', '-73.99219')","(1, 1)"
"('40.75241', '-73.97834')","(13, 3)"
"('40.77241', '-73.96286')","(1, 3)"
"('40.73292', '-74.00006')","(1, 3)"
"('40.77695', '-73.95954')","(1, 2)"
"('40.78655', '-73.95465')","(1, 1)"
"('40.77461', '-73.94808')","(3, 1)"
"('40.71305', '-74.00722')","(2, 1)"
"('40.77741', '-73.97879')","(1, 6)"
"('40.76975', '-73.95457')","(6, 1)"
"('40.80297', '-73.96386')","(2, 2)"
"('40.75827', '-73.93335')","(1, 1)"
"('40.7429', '-73.99281')","(10, 1)"
"('40.74984', '-73.95224')","(1, 1)"
"('40.72388', '-73.98208')","(1, 2)"
"('40.68978', '-73.96518')","(1, 3)"
"('40.78043', '-73.94989')","(4, 1)"
"('40.76468', '-73.99178')","(4, 1)"
"('40.72409', '-73.98442')","(1, 1)"
"('40.72766', '-74.00138')","(2, 1)"
"('40.72007', '-73.98835')","(3, 4)"
"('40.74972', '-73.98362')","(3, 5)"
"('40.73506', '-74.00197')","(1, 1)"
"('40.76092', '-73.99452')","(5, 2)"
"('40.70637', '-74.00713')","(1, 1)"
"('40.75205', '-74.00098')","(2, 2)"
"('40.78174', '-73.98106')","(5, 2)"
"('40.74714', '-74.00085')","(2, 1)"
"('40.73461', '-73.98621')","(3, 3)"
"('40.76517', '-73.91393')","(1, 1)"
"('40.73643', '-74.00663')","(1, 2)"
"('40.75213', '-73.97977')","(3, 3)"
"('40.78382', '-73.97782')","(2, 3)"
"('40.79798', '-73.96198')","(1, 1)"
"('40.75076', '-73.97444')","(2, 3)"
"('40.72639', '-73.98616')","(6, 6)"
"('40.74248', '-73.95666')","(1, 2)"
"('40.77601', '-73.98724')","(1, 2)"
"('40.75473', '-73.98978')","(1, 1)"
"('40.71436', '-74.00045')","(1, 2)"
"('40.75728', '-73.97811')","(1, 1)"
"('40.76022', '-73.96746')","(2, 4)"
"('40.72787', '-74.00542')","(3, 3)"
"('40.72163', '-73.99352')","(4, 3)"
"('40.76802', '-73.97028')","(3, 4)"
"('40.73521', '-73.99171')","(9, 5)"
"('40.73759', '-73.98025')","(1, 1)"
"('40.72098', '-73.98695')","(1, 8)"
"('40.74788', '-73.97542')","(1, 1)"
"('40.76365', '-73.97346')","(8, 5)"
"('40.69328', '-73.97385')","(2, 4)"
"('40.75474', '-73.98789')","(1, 4)"
"('40.73537', '-73.98996')","(6, 5)"
"('40.7453', '-73.98685')","(5, 1)"
"('40.71654', '-73.99698')","(1, 4)"
"('40.66607', '-73.99522')","(1, 1)"
"('40.72117', '-73.99657')","(2, 4)"
"('40.80389', '-73.95574')","(1, 1)"
"('40.77723', '-73.94616')","(3, 1)"
"('40.74281', '-73.99657')","(8, 5)"
"('40.70135', '-73.98285')","(1, 1)"
"('40.73291', '-74.00397')","(5, 1)"
"('40.71745', '-74.00353')","(1, 1)"
"('40.73321', '-73.99112')","(8, 1)"
"('40.75337', '-73.97465')","(4, 1)"
"('40.77042', '-73.96221')","(1, 1)"
"('40.71807', '-73.96413')","(1, 1)"
"('40.77415', '-73.98487')","(1, 1)"
"('40.73773', '-73.98817')","(5, 2)"
"('40.73361', '-73.99956')","(6, 1)"
"('40.75394', '-73.97213')","(5, 3)"
"('40.70869', '-74.00728')","(2, 1)"
"('40.71088', '-74.00906')","(3, 1)"
"('40.76974', '-73.98211')","(2, 1)"
"('40.82201', '-73.95366')","(1, 1)"
"('40.75564', '-73.99096')","(2, 1)"
"('40.73543', '-73.98269')","(1, 3)"
"('40.75409', '-73.99207')","(9, 2)"
"('40.72135', '-74.00465')","(6, 2)"
"('40.75723', '-73.97604')","(3, 1)"
"('40.72106', '-73.99819')","(3, 1)"
"('40.73413', '-73.99918')","(4, 2)"
"('40.73704', '-73.98653')","(2, 1)"
"('40.72374', '-74.00611')","(1, 2)"
"('40.72267', '-73.98296')","(3, 6)"
"('40.72317', '-73.98939')","(1, 1)"
"('40.77529', '-73.95363')","(3, 1)"
"('40.72301', '-73.98575')","(8, 4)"
"('40.72567', '-74.00577')","(2, 1)"
"('40.71676', '-73.96339')","(1, 1)"
"('40.75853', '-73.98884')","(5, 4)"
"('40.69122', '-73.98213')","(1, 1)"
"('40.74963', '-73.99903')","(3, 3)"
"('40.74579', '-73.98228')","(3, 2)"
"('40.76811', '-73.95886')","(1, 1)"
"('40.69698', '-73.93522')","(2, 8)"
"('40.72426', '-73.98483')","(3, 3)"
"('40.73496', '-73.97978')","(1, 4)"
"('40.74462', '-73.99897')","(3, 3)"
"('40.76359', '-73.98143')","(2, 2)"
"('40.77353', '-73.98533')","(3, 1)"
"('40.76541', '-73.96797')","(3, 3)"
"('40.69313', '-73.96983')","(1, 13)"
"('40.70518', '-74.00739')","(4, 2)"
"('40.75219', '-73.99346')","(4, 7)"
"('40.74085', '-73.98587')","(4, 3)"
"('40.77592', '-73.94712')","(2, 3)"
"('40.80933', '-73.95921')","(3, 2)"
"('40.72918', '-73.98724')","(10, 7)"
"('40.76031', '-73.97169')","(5, 1)"
"('40.76082', '-73.99831')","(2, 3)"
"('40.72075', '-74.01006')","(6, 1)"
"('40.75347', '-73.99252')","(4, 1)"
"('40.71946', '-74.00183')","(2, 1)"
"('40.75269', '-73.97904')","(4, 1)"
"('40.72493', '-73.99034')","(2, 1)"
"('40.76427', '-73.97301')","(4, 2)"
"('40.71692', '-73.98321')","(1, 2)"
"('40.74047', '-73.99828')","(8, 3)"
"('40.85368', '-73.93053')","(1, 1)"
"('40.71111', '-73.94936')","(2, 1)"
"('40.72949', '-74.00697')","(1, 1)"
"('40.77809', '-73.97829')","(2, 1)"
"('40.79156', '-73.94467')","(1, 8)"
"('40.75403', '-73.97205')","(3, 1)"
"('40.74572', '-73.97812')","(2, 3)"
"('40.78294', '-73.94803')","(1, 2)"
"('40.75837', '-73.97099')","(8, 2)"
"('40.73883', '-73.98523')","(2, 1)"
"('40.79124', '-73.97939')","(2, 1)"
"('40.79721', '-73.96991')","(1, 3)"
"('40.73839', '-74.00386')","(2, 1)"
"('40.71877', '-73.99569')","(2, 2)"
"('40.73952', '-73.98685')","(5, 4)"
"('40.73779', '-73.99012')","(4, 2)"
"('40.75144', '-73.97395')","(4, 3)"
"('40.73165', '-73.98544')","(4, 4)"
"('40.75595', '-73.99072')","(16, 6)"
"('40.74592', '-73.98639')","(1, 2)"
"('40.75671', '-73.98645')","(1, 3)"
"('40.72628', '-73.98033')","(5, 2)"
"('40.71997', '-73.99289')","(1, 12)"
"('40.73954', '-73.98883')","(2, 1)"
"('40.76734', '-73.96868')","(3, 1)"
"('40.76373', '-73.96206')","(1, 3)"
"('40.72781', '-73.99475')","(1, 3)"
"('40.69364', '-73.98332')","(1, 4)"
"('40.73759', '-73.99743')","(2, 1)"
"('40.75324', '-73.96661')","(2, 5)"
"('40.75231', '-73.98594')","(3, 5)"
"('40.77215', '-73.92899')","(1, 1)"
"('40.76614', '-73.97164')","(3, 1)"
"('40.72817', '-73.98485')","(1, 3)"
"('40.72032', '-73.96172')","(1, 3)"
"('40.71707', '-74.00624')","(2, 2)"
"('40.76843', '-73.98905')","(2, 2)"
"('40.72528', '-73.97797')","(7, 4)"
"('40.78586', '-73.95092')","(3, 2)"
"('40.76859', '-73.96775')","(4, 1)"
"('40.70772', '-74.00827')","(1, 1)"
"('40.72998', '-74.00049')","(5, 1)"
"('40.75797', '-73.98553')","(5, 1)"
"('40.76516', '-73.97505')","(5, 1)"
"('40.72004', '-73.95534')","(1, 2)"
"('40.76524', '-73.95786')","(2, 1)"
"('40.74147', '-73.98542')","(5, 2)"
"('40.75029', '-73.99484')","(18, 5)"
"('40.73303', '-73.98444')","(2, 2)"
"('40.72147', '-73.98382')","(2, 4)"
"('40.73755', '-74.00568')","(3, 2)"
"('40.73113', '-74.00294')","(6, 2)"
"('40.72089', '-73.99575')","(1, 1)"
"('40.80356', '-73.96714')","(2, 2)"
"('40.76217', '-73.96612')","(8, 1)"
"('40.78006', '-73.94704')","(6, 2)"
"('40.71692', '-74.00081')","(1, 2)"
"('40.76011', '-73.98483')","(4, 1)"
"('40.77604', '-73.98349')","(1, 1)"
"('40.67628', '-73.89216')","(1, 2)"
"('40.76028', '-73.98757')","(9, 1)"
"('40.76128', '-73.99937')","(2, 1)"
"('40.73736', '-73.99685')","(5, 1)"
"('40.75989', '-73.98042')","(1, 1)"
"('40.75648', '-73.99775')","(8, 2)"
"('40.75346', '-73.99856')","(1, 1)"
"('40.76604', '-73.98336')","(5, 4)"
"('40.71882', '-73.98423')","(2, 1)"
"('40.78768', '-73.97501')","(5, 4)"
"('40.76103', '-73.97537')","(3, 4)"
"('40.75707', '-73.96984')","(2, 4)"
"('40.73553', '-74.00169')","(3, 1)"
"('40.75259', '-73.96702')","(1, 1)"
"('40.77992', '-73.98067')","(5, 3)"
"('40.72179', '-73.99196')","(2, 1)"
"('40.66975', '-73.98921')","(1, 2)"
"('40.74135', '-73.98913')","(2, 1)"
"('40.72199', '-73.98737')","(8, 1)"
"('40.75299', '-73.96988')","(6, 1)"
"('40.79381', '-73.94012')","(1, 1)"
"('40.79236', '-73.96417')","(1, 7)"
"('40.74403', '-74.00311')","(1, 3)"
"('40.73539', '-73.99827')","(3, 1)"
"('40.78868', '-73.94385')","(1, 1)"
"('40.73327', '-73.95475')","(1, 1)"
"('40.84868', '-73.93921')","(1, 2)"
"('40.76718', '-73.96246')","(11, 3)"
"('40.69348', '-73.97916')","(1, 10)"
"('40.73917', '-73.98976')","(1, 1)"
"('40.73135', '-73.98255')","(1, 9)"
"('40.78435', '-73.98116')","(2, 1)"
"('40.75725', '-73.98582')","(1, 2)"
"('40.76656', '-73.99042')","(1, 1)"
"('40.71438', '-74.01012')","(1, 2)"
"('40.75268', '-74.00052')","(1, 1)"
"('40.74522', '-74.00595')","(1, 1)"
"('40.70213', '-73.94431')","(1, 1)"
"('40.72457', '-73.98749')","(1, 5)"
"('40.78302', '-73.98212')","(2, 1)"
"('40.74073', '-73.98176')","(2, 3)"
"('40.76531', '-73.96384')","(6, 1)"
"('40.79545', '-73.96564')","(2, 1)"
"('40.74963', '-73.99905')","(2, 1)"
"('40.74529', '-73.99848')","(2, 3)"
"('40.81904', '-73.94468')","(1, 2)"
"('40.78184', '-73.97928')","(2, 3)"
"('40.75825', '-73.89533')","(1, 1)"
"('40.75733', '-73.98601')","(2, 5)"
"('40.74453', '-73.98887')","(2, 2)"
"('40.76699', '-73.98759')","(4, 1)"
"('40.75493', '-73.98404')","(3, 1)"
"('40.74455', '-73.98317')","(1, 3)"
"('40.75487', '-73.97987')","(5, 1)"
"('40.81909', '-73.94092')","(1, 2)"
"('40.71489', '-73.99189')","(1, 1)"
"('40.74898', '-73.97995')","(3, 1)"
"('40.72469', '-73.99418')","(4, 4)"
"('40.67577', '-73.98088')","(1, 4)"
"('40.75351', '-73.98878')","(5, 3)"
"('40.78888', '-73.97785')","(3, 4)"
"('40.73988', '-73.99871')","(3, 4)"
"('40.79781', '-73.97133')","(3, 2)"
"('40.78962', '-73.94006')","(2, 3)"
"('40.79595', '-73.97082')","(1, 2)"
"('40.78819', '-73.97835')","(1, 1)"
"('40.78075', '-73.95257')","(3, 2)"
"('40.68651', '-73.96749')","(1, 1)"
"('40.72405', '-73.94992')","(1, 1)"
"('40.81062', '-73.95828')","(1, 1)"
"('40.71208', '-74.01012')","(7, 1)"
"('40.78202', '-73.97172')","(3, 4)"
"('40.73225', '-73.99635')","(4, 3)"
"('40.69619', '-73.98876')","(1, 7)"
"('40.77524', '-73.94762')","(3, 2)"
"('40.72955', '-73.99657')","(1, 1)"
"('40.75099', '-73.99062')","(14, 7)"
"('40.72859', '-73.99409')","(1, 1)"
"('40.71371', '-73.99801')","(1, 4)"
"('40.74468', '-73.98729')","(1, 2)"
"('40.73986', '-73.98958')","(3, 7)"
"('40.68161', '-73.99851')","(2, 1)"
"('40.76788', '-73.98151')","(5, 9)"
"('40.80733', '-73.96439')","(2, 2)"
"('40.66702', '-73.97483')","(1, 1)"
"('40.75145', '-73.97815')","(2, 3)"
"('40.74603', '-73.99051')","(6, 7)"
"('40.72577', '-74.00089')","(6, 1)"
"('40.77629', '-73.98213')","(1, 1)"
"('40.74388', '-73.98155')","(4, 3)"
"('40.74231', '-73.99144')","(1, 1)"
"('40.73467', '-73.99458')","(3, 3)"
"('40.76079', '-73.98451')","(1, 1)"
"('40.71827', '-74.00532')","(2, 1)"
"('40.78031', '-73.98567')","(1, 1)"
"('40.76417', '-73.98473')","(2, 1)"
"('40.76093', '-73.97124')","(3, 3)"
"('40.74277', '-73.98659')","(2, 5)"
"('40.78131', '-73.94614')","(3, 1)"
"('40.72408', '-73.97885')","(2, 2)"
"('40.73755', '-73.97805')","(1, 1)"
"('40.74948', '-73.97538')","(2, 3)"
"('40.77755', '-73.94888')","(6, 1)"
"('40.75911', '-73.97467')","(5, 2)"
"('40.72639', '-73.99179')","(1, 3)"
"('40.80437', '-73.93742')","(2, 4)"
"('40.80682', '-73.96105')","(2, 1)"
"('40.73426', '-73.98354')","(1, 4)"
"('40.75605', '-73.96162')","(1, 1)"
"('40.72759', '-73.98529')","(4, 4)"
"('40.76296', '-73.97186')","(4, 2)"
"('40.76498', '-73.96116')","(2, 1)"
"('40.79275', '-73.97131')","(4, 1)"
"('40.79218', '-73.96801')","(4, 1)"
"('40.77929', '-73.98114')","(3, 1)"
"('40.78205', '-73.95371')","(2, 1)"
"('40.75596', '-73.91261')","(1, 1)"
"('40.70685', '-74.00501')","(1, 1)"
"('40.74303', '-73.98915')","(2, 2)"
"('40.76781', '-73.96201')","(10, 1)"
"('40.76273', '-73.95969')","(12, 3)"
"('40.73816', '-73.99204')","(5, 1)"
"('40.74462', '-73.98524')","(5, 3)"
"('40.71766', '-74.00753')","(1, 1)"
"('40.72368', '-73.99647')","(2, 2)"
"('40.69099', '-73.99174')","(1, 2)"
"('40.77207', '-73.94993')","(1, 2)"
"('40.72228', '-73.98018')","(1, 3)"
"('40.75285', '-73.99297')","(2, 6)"
"('40.72543', '-73.99677')","(2, 16)"
"('40.72123', '-73.98777')","(4, 2)"
"('40.75021', '-73.97905')","(2, 3)"
"('40.71918', '-73.95841')","(1, 1)"
"('40.75343', '-73.88782')","(1, 2)"
"('40.75519', '-73.97121')","(4, 3)"
"('40.77881', '-73.95608')","(2, 1)"
"('40.78138', '-73.95212')","(2, 1)"
"('40.78596', '-73.96884')","(2, 1)"
"('40.71601', '-74.00882')","(1, 1)"
"('40.80703', '-73.94973')","(1, 2)"
"('40.76889', '-73.98209')","(11, 4)"
"('40.70108', '-73.90041')","(1, 1)"
"('40.74087', '-73.99006')","(1, 3)"
"('40.79655', '-73.93673')","(1, 1)"
"('40.74978', '-73.98776')","(8, 4)"
"('40.72847', '-73.97569')","(1, 5)"
"('40.77882', '-73.95398')","(4, 3)"
"('40.74222', '-73.99702')","(6, 1)"
"('40.75451', '-73.99178')","(11, 1)"
"('40.72443', '-73.99345')","(4, 5)"
"('40.74586', '-73.98434')","(8, 2)"
"('40.76687', '-73.97907')","(1, 5)"
"('40.74843', '-73.98456')","(4, 5)"
"('40.76044', '-73.83277')","(1, 1)"
"('40.78519', '-73.94933')","(2, 4)"
"('40.76603', '-73.96753')","(1, 1)"
"('40.72663', '-73.99413')","(6, 2)"
"('40.73601', '-73.98226')","(2, 4)"
"('40.72235', '-73.99326')","(4, 6)"
"('40.76661', '-73.98666')","(1, 1)"
"('40.71405', '-73.99019')","(1, 2)"
"('40.76035', '-73.99123')","(6, 4)"
"('40.75638', '-73.96432')","(7, 3)"
"('40.73986', '-73.99501')","(6, 8)"
"('40.72618', '-73.98943')","(7, 1)"
"('40.76234', '-73.98235')","(7, 3)"
"('40.80387', '-73.94613')","(1, 1)"
"('40.71657', '-73.95906')","(1, 1)"
"('40.72784', '-73.98222')","(2, 6)"
"('40.74227', '-73.98891')","(1, 1)"
"('40.77387', '-73.98222')","(5, 4)"
"('40.73433', '-74.00239')","(1, 2)"
"('40.72972', '-73.98085')","(4, 1)"
"('40.72308', '-73.95874')","(1, 1)"
"('40.79335', '-73.97273')","(1, 3)"
"('40.75968', '-73.97215')","(3, 2)"
"('40.76448', '-73.96445')","(12, 1)"
"('40.75484', '-73.98411')","(4, 5)"
"('40.70952', '-74.00166')","(5, 1)"
"('40.70231', '-73.94463')","(1, 2)"
"('40.70813', '-74.01662')","(4, 1)"
"('40.74418', '-73.99186')","(6, 7)"
"('40.74044', '-73.99459')","(9, 5)"
"('40.74653', '-73.98595')","(4, 3)"
"('40.73483', '-73.98311')","(2, 1)"
"('40.78722', '-73.95416')","(1, 3)"
"('40.71492', '-74.00793')","(6, 3)"
"('40.71802', '-74.00304')","(2, 1)"
"('40.71395', '-73.95793')","(1, 1)"
"('40.71844', '-73.99875')","(1, 1)"
"('40.76421', '-73.97095')","(8, 2)"
"('40.7371', '-73.99032')","(2, 2)"
"('40.73285', '-74.00752')","(1, 2)"
"('40.71645', '-74.01304')","(1, 5)"
"('40.72507', '-73.98121')","(3, 1)"
"('40.74222', '-73.99119')","(1, 1)"
"('40.77007', '-73.95139')","(6, 4)"
"('40.72593', '-73.99464')","(4, 2)"
"('40.75425', '-73.96897')","(7, 4)"
"('40.72023', '-73.98447')","(3, 11)"
"('40.77075', '-73.95695')","(4, 2)"
"('40.73222', '-74.00355')","(4, 1)"
"('40.76045', '-73.98373')","(1, 4)"
"('40.70969', '-73.96167')","(2, 1)"
"('40.75592', '-73.97488')","(4, 1)"
"('40.73722', '-74.00064')","(3, 3)"
"('40.69781', '-73.92781')","(2, 3)"
"('40.78017', '-73.95931')","(6, 2)"
"('40.75269', '-73.97304')","(2, 5)"
"('40.73397', '-74.00035')","(3, 1)"
"('40.74649', '-74.00133')","(1, 1)"
"('40.71919', '-73.99984')","(2, 1)"
"('40.74851', '-73.98871')","(10, 8)"
"('40.71384', '-74.01056')","(2, 4)"
"('40.75314', '-73.89061')","(1, 2)"
"('40.79293', '-73.94999')","(1, 1)"
"('40.70983', '-74.01482')","(1, 3)"
"('40.77042', '-73.96431')","(1, 1)"
"('40.73967', '-73.99094')","(7, 4)"
"('40.74641', '-73.98183')","(7, 4)"
"('40.78446', '-73.97736')","(8, 1)"
"('40.78451', '-73.94982')","(2, 4)"
"('40.76666', '-73.96706')","(3, 1)"
"('40.76099', '-73.99075')","(7, 1)"
"('40.73466', '-73.86481')","(1, 2)"
"('40.71433', '-73.99728')","(1, 1)"
"('40.72327', '-73.98252')","(1, 3)"
"('40.74379', '-73.98901')","(5, 2)"
"('40.76929', '-73.99493')","(1, 5)"
"('40.72611', '-74.00159')","(4, 1)"
"('40.75023', '-73.87966')","(1, 3)"
"('40.76861', '-73.92507')","(2, 3)"
"('40.79037', '-73.94976')","(2, 1)"
"('40.75405', '-73.99581')","(2, 2)"
"('40.67279', '-73.98328')","(1, 3)"
"('40.71523', '-74.00541')","(1, 2)"
"('40.75281', '-73.98137')","(2, 4)"
"('40.75112', '-73.97126')","(2, 3)"
"('40.77855', '-73.95124')","(1, 2)"
"('40.80635', '-73.95395')","(1, 5)"
"('40.74107', '-74.00155')","(5, 1)"
"('40.80184', '-73.95914')","(2, 2)"
"('40.75456', '-73.97167')","(1, 1)"
"('40.73378', '-73.98064')","(1, 3)"
"('40.76791', '-73.96615')","(4, 1)"
"('40.74253', '-73.88033')","(1, 1)"
"('40.76588', '-73.99463')","(1, 5)"
"('40.85196', '-73.93481')","(1, 1)"
"('40.78314', '-73.97832')","(7, 2)"
"('40.72647', '-73.98609')","(9, 1)"
"('40.75217', '-73.97778')","(7, 1)"
"('40.79166', '-73.96468')","(5, 10)"
"('40.73273', '-73.99381')","(4, 3)"
"('40.80372', '-73.95778')","(1, 2)"
"('40.74998', '-73.98615')","(4, 1)"
"('40.74339', '-73.98614')","(2, 2)"
"('40.75962', '-73.99548')","(11, 2)"
"('40.80113', '-73.93768')","(2, 1)"
"('40.74154', '-73.98958')","(5, 2)"
"('40.64748', '-74.00066')","(1, 4)"
"('40.85205', '-73.93477')","(1, 4)"
"('40.75324', '-73.96662')","(2, 2)"
"('40.72272', '-73.99415')","(1, 1)"
"('40.74164', '-73.99743')","(1, 3)"
"('40.74707', '-73.98134')","(1, 1)"
"('40.80362', '-73.96338')","(2, 2)"
"('40.70186', '-73.94382')","(1, 2)"
"('40.72084', '-74.00066')","(4, 5)"
"('40.76282', '-73.92899')","(2, 2)"
"('40.70822', '-74.00653')","(1, 4)"
"('40.73656', '-73.98901')","(15, 9)"
"('40.71253', '-74.00766')","(2, 2)"
"('40.74953', '-73.97743')","(1, 4)"
"('40.72832', '-73.99945')","(6, 1)"
"('40.74905', '-73.99574')","(6, 2)"
"('40.73339', '-74.00427')","(4, 1)"
"('40.63613', '-73.97273')","(1, 6)"
"('40.76085', '-73.96107')","(8, 3)"
"('40.71467', '-74.00588')","(2, 1)"
"('40.73358', '-74.00734')","(3, 1)"
"('40.85048', '-73.93684')","(1, 1)"
"('40.75716', '-73.98361')","(1, 1)"
"('40.74382', '-73.97951')","(3, 1)"
"('40.75387', '-73.96615')","(1, 1)"
"('40.74568', '-73.97212')","(2, 3)"
"('40.75306', '-73.98775')","(1, 1)"
"('40.77334', '-73.94901')","(4, 1)"
"('40.74603', '-73.98859')","(1, 1)"
"('40.75962', '-73.99547')","(2, 8)"
"('40.75864', '-73.98134')","(5, 3)"
"('40.80311', '-73.95631')","(1, 3)"
"('40.76122', '-73.93054')","(1, 1)"
"('40.75207', '-73.98346')","(3, 1)"
"('40.75842', '-73.99263')","(2, 10)"
"('40.73579', '-74.00155')","(2, 1)"
"('40.74846', '-73.99246')","(2, 10)"
"('40.74985', '-73.98793')","(6, 1)"
"('40.73975', '-74.00252')","(2, 15)"
"('40.73483', '-73.99075')","(6, 2)"
"('40.68739', '-73.99573')","(2, 1)"
"('40.76273', '-73.97834')","(4, 1)"
"('40.80307', '-73.93837')","(1, 1)"
"('40.78168', '-73.94896')","(2, 1)"
"('40.75652', '-73.99401')","(1, 5)"
"('40.77564', '-73.96051')","(6, 2)"
"('40.72709', '-73.97663')","(1, 1)"
"('40.78178', '-73.98507')","(1, 1)"
"('40.75906', '-73.97261')","(6, 5)"
"('40.73713', '-73.99032')","(4, 1)"
"('40.75863', '-73.96578')","(5, 2)"
"('40.76343', '-73.96521')","(1, 1)"
"('40.71908', '-73.98507')","(1, 2)"
"('40.77831', '-73.96276')","(2, 1)"
"('40.71207', '-73.99694')","(1, 1)"
"('40.68408', '-73.90863')","(1, 2)"
"('40.76859', '-73.98521')","(7, 2)"
"('40.72709', '-73.99155')","(4, 3)"
"('40.70514', '-74.00998')","(5, 1)"
"('40.77299', '-73.98207')","(1, 2)"
"('40.75665', '-73.97856')","(5, 5)"
"('40.75832', '-73.96893')","(6, 4)"
"('40.75076', '-73.96842')","(1, 1)"
"('40.79254', '-73.94103')","(1, 1)"
"('40.75179', '-73.98633')","(1, 1)"
"('40.75017', '-74.00607')","(1, 1)"
"('40.72986', '-73.99143')","(2, 5)"
"('40.74702', '-74.00465')","(1, 1)"
"('40.75272', '-73.99678')","(2, 1)"
"('40.77365', '-73.95172')","(9, 2)"
"('40.75082', '-74.00188')","(2, 1)"
"('40.70614', '-74.00603')","(1, 1)"
"('40.72281', '-73.99309')","(3, 1)"
"('40.73733', '-73.99265')","(5, 1)"
"('40.75143', '-73.99767')","(4, 1)"
"('40.77553', '-73.97645')","(1, 3)"
"('40.75853', '-73.98885')","(11, 1)"
"('40.72876', '-73.98443')","(3, 6)"
"('40.79726', '-73.94051')","(1, 2)"
"('40.72774', '-73.99127')","(4, 1)"
"('40.75098', '-73.98852')","(1, 1)"
"('40.73596', '-74.00512')","(1, 1)"
"('40.73812', '-74.00203')","(3, 1)"
"('40.74164', '-74.00486')","(2, 2)"
"('40.71983', '-73.98754')","(4, 2)"
"('40.84404', '-73.94114')","(1, 1)"
"('40.74715', '-73.98549')","(7, 4)"
"('40.66207', '-73.98559')","(1, 1)"
"('40.75582', '-73.97075')","(4, 1)"
"('40.77496', '-73.95679')","(13, 2)"
"('40.73965', '-73.98905')","(1, 1)"
"('40.77303', '-73.98219')","(3, 2)"
"('40.72062', '-73.99497')","(1, 3)"
"('40.74748', '-73.92732')","(1, 1)"
"('40.76561', '-73.96069')","(4, 1)"
"('40.77246', '-73.96493')","(3, 1)"
"('40.72292', '-74.00217')","(1, 1)"
"('40.68681', '-73.97819')","(1, 2)"
"('40.76948', '-73.95786')","(3, 1)"
"('40.80777', '-73.94548')","(1, 8)"
"('40.76905', '-73.92847')","(1, 1)"
"('40.72018', '-73.99603')","(1, 1)"
"('40.75415', '-73.98039')","(1, 3)"
"('40.76655', '-73.96292')","(2, 1)"
"('40.76824', '-73.92427')","(1, 1)"
"('40.75808', '-73.99287')","(5, 1)"
"('40.74286', '-74.00397')","(4, 1)"
"('40.73755', '-74.00569')","(3, 1)"
"('40.74612', '-73.86824')","(1, 1)"
"('40.71515', '-74.00211')","(3, 4)"
"('40.74768', '-74.00416')","(2, 3)"
"('40.69824', '-73.92996')","(1, 1)"
"('40.71896', '-74.00127')","(2, 1)"
"('40.74326', '-73.98201')","(7, 2)"
"('40.76215', '-73.98776')","(1, 1)"
"('40.75068', '-73.99086')","(11, 1)"
"('40.74494', '-73.99132')","(4, 1)"
"('40.71134', '-73.99677')","(1, 1)"
"('40.72605', '-73.98353')","(2, 4)"
"('40.75045', '-73.98729')","(4, 3)"
"('40.74518', '-73.97092')","(1, 1)"
"('40.68544', '-73.99133')","(1, 3)"
"('40.72161', '-73.99546')","(2, 2)"
"('40.72147', '-73.98383')","(2, 1)"
"('40.76218', '-73.99361')","(3, 3)"
"('40.69665', '-73.93462')","(1, 1)"
"('40.72987', '-73.99072')","(1, 1)"
"('40.71436', '-74.00839')","(1, 1)"
"('40.77743', '-73.95071')","(2, 1)"
"('40.75211', '-73.97767')","(2, 2)"
"('40.75738', '-73.98225')","(7, 4)"
"('40.75962', '-73.97007')","(2, 1)"
"('40.78341', '-73.95694')","(1, 1)"
"('40.75785', '-73.97559')","(7, 2)"
"('40.68026', '-73.97469')","(2, 4)"
"('40.78106', '-73.94941')","(3, 2)"
"('40.74892', '-73.97788')","(1, 2)"
"('40.76462', '-73.99554')","(2, 1)"
"('40.81515', '-73.95782')","(1, 1)"
"('40.72558', '-73.98986')","(4, 3)"
"('40.78858', '-73.95528')","(1, 2)"
"('40.74166', '-74.00112')","(1, 2)"
"('40.71226', '-74.00789')","(2, 2)"
"('40.75916', '-73.98839')","(2, 2)"
"('40.79272', '-73.97318')","(5, 2)"
"('40.76541', '-73.98382')","(2, 2)"
"('40.73321', '-73.99111')","(3, 2)"
"('40.76405', '-73.96475')","(3, 1)"
"('40.75537', '-73.98744')","(5, 4)"
"('40.67051', '-73.97855')","(1, 1)"
"('40.76296', '-73.98189')","(1, 1)"
"('40.73637', '-73.98493')","(1, 2)"
"('40.74394', '-73.98362')","(5, 3)"
"('40.75394', '-73.97214')","(1, 1)"
"('40.67816', '-73.99612')","(1, 2)"
"('40.76508', '-73.97487')","(3, 1)"
"('40.76523', '-73.95493')","(6, 1)"
"('40.77234', '-73.95268')","(4, 4)"
"('40.77098', '-73.99091')","(3, 1)"
"('40.75434', '-73.97697')","(2, 1)"
"('40.80761', '-73.95304')","(1, 2)"
"('40.80202', '-73.94969')","(1, 2)"
"('40.72666', '-73.98308')","(3, 4)"
"('40.77792', '-73.98208')","(5, 2)"
"('40.72067', '-73.97823')","(1, 1)"
"('40.73361', '-73.99955')","(2, 3)"
"('40.74492', '-73.98082')","(3, 1)"
"('40.76049', '-73.96604')","(1, 1)"
"('40.74581', '-74.00553')","(1, 1)"
"('40.79084', '-73.97456')","(4, 2)"
"('40.73115', '-74.00892')","(1, 1)"
"('40.79791', '-73.96384')","(1, 2)"
"('40.76864', '-73.96982')","(3, 2)"
"('40.71762', '-74.00027')","(1, 3)"
"('40.68362', '-73.99755')","(3, 3)"
"('40.78119', '-73.97974')","(7, 2)"
"('40.78973', '-73.96609')","(2, 2)"
"('40.70437', '-73.83282')","(1, 2)"
"('40.75979', '-73.98792')","(3, 1)"
"('40.77165', '-73.95318')","(3, 1)"
"('40.70303', '-73.98466')","(2, 1)"
"('40.76178', '-73.95744')","(2, 1)"
"('40.78397', '-73.97031')","(3, 2)"
"('40.72365', '-73.99102')","(1, 10)"
"('40.74763', '-73.88393')","(1, 4)"
"('40.74356', '-73.99232')","(9, 7)"
"('40.75202', '-74.00472')","(3, 1)"
"('40.77237', '-73.96078')","(8, 1)"
"('40.75671', '-73.91422')","(1, 2)"
"('40.73656', '-74.00109')","(1, 4)"
"('40.72062', '-73.95924')","(1, 1)"
"('40.75221', '-73.99942')","(1, 1)"
"('40.78017', '-73.95719')","(3, 4)"
"('40.67799', '-73.97305')","(2, 2)"
"('40.76546', '-73.97004')","(3, 1)"
"('40.79726', '-73.94053')","(1, 1)"
"('40.75597', '-73.97696')","(1, 1)"
"('40.76686', '-73.95977')","(1, 2)"
"('40.74105', '-73.99786')","(5, 2)"
"('40.75014', '-73.86072')","(1, 1)"
"('40.74777', '-73.98504')","(3, 2)"
"('40.76155', '-73.96658')","(5, 4)"
"('40.68079', '-73.95839')","(1, 1)"
"('40.71169', '-73.95123')","(1, 4)"
"('40.71946', '-73.98637')","(2, 1)"
"('40.71088', '-73.95346')","(1, 1)"
"('40.72547', '-73.98395')","(6, 4)"
"('40.82225', '-73.95615')","(1, 2)"
"('40.72469', '-73.97841')","(5, 2)"
"('40.71426', '-73.98093')","(1, 1)"
"('40.75513', '-73.96524')","(3, 3)"
"('40.75578', '-74.00198')","(1, 2)"
"('40.74264', '-73.98245')","(5, 2)"
"('40.79659', '-73.97036')","(4, 1)"
"('40.75973', '-73.97422')","(2, 2)"
"('40.74542', '-73.99096')","(4, 4)"
"('40.72841', '-73.99425')","(1, 1)"
"('40.77473', '-73.98817')","(4, 1)"
"('40.76197', '-73.92538')","(1, 4)"
"('40.72196', '-74.00823')","(4, 1)"
"('40.73007', '-73.99284')","(6, 3)"
"('40.78497', '-73.98263')","(1, 3)"
"('40.77485', '-73.98065')","(4, 3)"
"('40.78316', '-73.98047')","(1, 1)"
"('40.74342', '-73.99984')","(2, 1)"
"('40.79783', '-73.96945')","(1, 1)"
"('40.76364', '-73.97768')","(4, 6)"
"('40.73468', '-73.99997')","(4, 1)"
"('40.78785', '-73.96744')","(1, 1)"
"('40.80509', '-73.95487')","(1, 2)"
"('40.74912', '-73.98823')","(1, 1)"
"('40.74824', '-73.97628')","(2, 2)"
"('40.78065', '-73.97641')","(3, 2)"
"('40.67382', '-73.97588')","(1, 3)"
"('40.73396', '-73.98877')","(2, 3)"
"('40.72721', '-73.99527')","(2, 2)"
"('40.76816', '-73.95278')","(1, 1)"
"('40.75848', '-73.97513')","(2, 1)"
"('40.74064', '-73.97579')","(1, 3)"
"('40.72519', '-73.98704')","(1, 2)"
"('40.73363', '-74.00278')","(6, 3)"
"('40.73329', '-73.98717')","(6, 9)"
"('40.64238', '-73.92538')","(1, 1)"
"('40.69645', '-73.94649')","(1, 1)"
"('40.77493', '-73.94476')","(1, 1)"
"('40.79531', '-73.93591')","(1, 1)"
"('40.75478', '-73.97993')","(8, 3)"
"('40.74208', '-73.98497')","(6, 4)"
"('40.77109', '-73.96593')","(2, 2)"
"('40.79104', '-73.95137')","(2, 1)"
"('40.75348', '-73.98088')","(2, 10)"
"('40.68968', '-73.99236')","(1, 2)"
"('40.75425', '-73.96899')","(7, 1)"
"('40.73816', '-73.98363')","(6, 2)"
"('40.76473', '-73.96635')","(12, 3)"
"('40.77233', '-73.95871')","(4, 1)"
"('40.78273', '-73.95533')","(2, 1)"
"('40.72978', '-73.98682')","(10, 2)"
"('40.77592', '-73.95316')","(11, 5)"
"('40.77057', '-73.98214')","(4, 1)"
"('40.73071', '-74.00445')","(2, 3)"
"('40.72179', '-73.99985')","(1, 2)"
"('40.75894', '-73.96848')","(1, 3)"
"('40.77787', '-73.95174')","(4, 5)"
"('40.76212', '-73.99738')","(1, 1)"
"('40.82268', '-73.94946')","(1, 3)"
"('40.67641', '-73.98045')","(1, 5)"
"('40.74843', '-73.98247')","(3, 2)"
"('40.74345', '-73.98819')","(4, 4)"
"('40.76092', '-73.96913')","(3, 4)"
"('40.74161', '-73.99374')","(5, 3)"
"('40.73257', '-74.00033')","(2, 1)"
"('40.75866', '-73.98875')","(13, 1)"
"('40.75524', '-73.97327')","(6, 3)"
"('40.78085', '-73.95881')","(9, 2)"
"('40.75472', '-73.97787')","(4, 1)"
"('40.75237', '-73.97034')","(5, 2)"
"('40.76979', '-73.98806')","(2, 2)"
"('40.76399', '-73.95878')","(1, 1)"
"('40.75415', '-73.98691')","(3, 1)"
"('40.67369', '-73.96719')","(1, 1)"
"('40.70501', '-73.94946')","(1, 4)"
"('40.77938', '-73.98105')","(2, 1)"
"('40.77863', '-73.94807')","(7, 1)"
"('40.78028', '-73.98151')","(3, 2)"
"('40.80545', '-73.96576')","(3, 1)"
"('40.71523', '-74.01337')","(1, 2)"
"('40.75645', '-73.97031')","(9, 3)"
"('40.76202', '-74.00115')","(1, 1)"
"('40.72806', '-73.99895')","(3, 4)"
"('40.77759', '-73.95909')","(1, 1)"
"('40.71702', '-73.96526')","(1, 1)"
"('40.74572', '-73.98399')","(3, 1)"
"('40.73072', '-73.98906')","(2, 1)"
"('40.80613', '-73.96154')","(1, 3)"
"('40.74639', '-73.97763')","(3, 2)"
"('40.79089', '-73.94517')","(2, 1)"
"('40.77914', '-73.94477')","(1, 1)"
"('40.72775', '-73.95724')","(1, 2)"
"('40.76599', '-73.98712')","(3, 2)"
"('40.72564', '-73.99375')","(2, 2)"
"('40.67607', '-73.97753')","(1, 2)"
"('40.71681', '-73.99776')","(2, 2)"
"('40.72508', '-73.99532')","(2, 4)"
"('40.74959', '-74.00278')","(4, 1)"
"('40.77139', '-73.95043')","(2, 5)"
"('40.72093', '-73.99379')","(1, 5)"
"('40.80312', '-73.94043')","(1, 1)"
"('40.74223', '-73.99329')","(11, 9)"
"('40.75802', '-73.98179')","(5, 3)"
"('40.78336', '-73.95487')","(4, 1)"
"('40.78453', '-73.97359')","(8, 1)"
"('40.67112', '-73.94093')","(1, 1)"
"('40.73754', '-74.00386')","(2, 1)"
"('40.76383', '-73.97814')","(1, 1)"
"('40.71728', '-73.95832')","(1, 1)"
"('40.59863', '-73.95827')","(1, 2)"
"('40.78646', '-73.94839')","(1, 1)"
"('40.75141', '-73.98764')","(2, 1)"
"('40.76403', '-73.98247')","(3, 3)"
"('40.72649', '-74.00234')","(5, 1)"
"('40.72131', '-73.99471')","(3, 1)"
"('40.73032', '-74.00246')","(6, 2)"
"('40.75077', '-73.97653')","(2, 1)"
"('40.70839', '-73.93995')","(1, 3)"
"('40.72343', '-73.95058')","(2, 1)"
"('40.70838', '-74.00481')","(2, 1)"
"('40.76521', '-73.91393')","(3, 2)"
"('40.74661', '-73.99381')","(3, 5)"
"('40.74554', '-73.99906')","(4, 1)"
"('40.74727', '-73.98961')","(2, 8)"
"('40.74347', '-74.00723')","(3, 2)"
"('40.76685', '-73.95374')","(7, 2)"
"('40.68608', '-73.99091')","(1, 1)"
"('40.73182', '-73.98826')","(5, 1)"
"('40.71948', '-73.99128')","(1, 4)"
"('40.74556', '-73.98941')","(1, 1)"
"('40.76103', '-73.98701')","(7, 2)"
"('40.75447', '-73.98018')","(3, 1)"
"('40.75394', '-73.98477')","(1, 1)"
"('40.74675', '-73.98159')","(4, 1)"
"('40.721', '-73.98934')","(1, 1)"
"('40.81273', '-73.93761')","(1, 3)"
"('40.74853', '-73.97314')","(5, 3)"
"('40.74834', '-73.98464')","(4, 2)"
"('40.81037', '-73.94357')","(1, 1)"
"('40.72376', '-73.97907')","(2, 1)"
"('40.75551', '-73.98362')","(3, 3)"
"('40.75676', '-73.96715')","(6, 5)"
"('40.70242', '-73.98669')","(1, 1)"
"('40.80292', '-73.96757')","(1, 1)"
"('40.76461', '-73.95832')","(2, 1)"
"('40.75653', '-73.98811')","(1, 1)"
"('40.76546', '-73.98198')","(2, 1)"
"('40.74524', '-73.98479')","(2, 4)"
"('40.75108', '-73.98685')","(3, 4)"
"('40.70713', '-73.90325')","(1, 1)"
"('40.76411', '-73.98849')","(4, 2)"
"('40.76943', '-73.95185')","(3, 4)"
"('40.71993', '-74.00142')","(1, 1)"
"('40.77922', '-73.97378')","(1, 1)"
"('40.76015', '-73.99879')","(1, 1)"
"('40.73679', '-73.97849')","(7, 9)"
"('40.75326', '-74.00382')","(3, 1)"
"('40.75888', '-73.97485')","(5, 1)"
"('40.72231', '-73.98625')","(1, 2)"
"('40.76911', '-73.98855')","(1, 9)"
"('40.77138', '-73.95647')","(9, 3)"
"('40.73813', '-74.00204')","(2, 1)"
"('40.68091', '-73.84133')","(1, 1)"
"('40.65922', '-73.96053')","(1, 1)"
"('40.74406', '-73.98774')","(6, 6)"
"('40.78388', '-73.95028')","(3, 2)"
"('40.74084', '-74.00512')","(1, 1)"
"('40.73033', '-73.95273')","(1, 1)"
"('40.77102', '-73.95364')","(4, 2)"
"('40.75656', '-73.99027')","(6, 2)"
"('40.70875', '-74.00965')","(1, 1)"
"('40.75078', '-74.00563')","(1, 3)"
"('40.78012', '-73.95303')","(5, 2)"
"('40.75331', '-73.97258')","(1, 1)"
"('40.72407', '-73.99534')","(1, 1)"
"('40.7222', '-74.01057')","(1, 1)"
"('40.71902', '-73.98978')","(1, 1)"
"('40.76228', '-73.97236')","(3, 5)"
"('40.72093', '-74.00402')","(2, 1)"
"('40.77402', '-73.95455')","(4, 4)"
"('40.75112', '-73.97127')","(4, 1)"
"('40.72579', '-73.99761')","(1, 2)"
"('40.76348', '-73.98894')","(3, 4)"
"('40.77949', '-73.95558')","(4, 1)"
"('40.72224', '-73.98628')","(1, 9)"
"('40.73397', '-73.99094')","(7, 2)"
"('40.70722', '-73.94319')","(1, 1)"
"('40.74141', '-73.98336')","(2, 2)"
"('40.76567', '-73.97623')","(5, 10)"
"('40.76573', '-73.92643')","(1, 2)"
"('40.71156', '-74.01578')","(3, 2)"
"('40.74723', '-73.99337')","(4, 1)"
"('40.78333', '-73.97075')","(1, 2)"
"('40.75228', '-73.98969')","(8, 3)"
"('40.73722', '-73.98139')","(4, 5)"
"('40.78263', '-73.95119')","(6, 1)"
"('40.71552', '-74.00923')","(4, 2)"
"('40.73086', '-73.99302')","(3, 1)"
"('40.74582', '-74.00181')","(2, 1)"
"('40.73683', '-74.00371')","(1, 1)"
"('40.76593', '-73.99087')","(6, 2)"
"('40.72943', '-73.97802')","(2, 5)"
"('40.71879', '-73.98901')","(1, 5)"
"('40.82543', '-73.94804')","(1, 1)"
"('40.72748', '-73.98846')","(9, 1)"
"('40.73916', '-73.99698')","(1, 1)"
"('40.76505', '-73.97479')","(5, 1)"
"('40.76291', '-73.98564')","(3, 5)"
"('40.74478', '-73.97588')","(2, 8)"
"('40.76041', '-73.97582')","(4, 2)"
"('40.72488', '-74.00261')","(4, 1)"
"('40.72569', '-73.99655')","(6, 1)"
"('40.72455', '-74.00193')","(3, 3)"
"('40.73237', '-74.00347')","(1, 1)"
"('40.75417', '-73.98459')","(1, 2)"
"('40.74135', '-73.98912')","(2, 6)"
"('40.77847', '-73.98544')","(3, 2)"
"('40.80425', '-73.96292')","(1, 1)"
"('40.73294', '-73.98636')","(1, 1)"
"('40.74332', '-73.98407')","(4, 7)"
"('40.76701', '-73.93493')","(1, 1)"
"('40.72157', '-73.99775')","(1, 1)"
"('40.77333', '-73.95505')","(8, 4)"
"('40.81238', '-73.92468')","(1, 1)"
"('40.74344', '-74.00354')","(2, 2)"
